0,https://www.douban.com/people/211615818/,09å·ç¼ºå¤±,2020-07-26,allstar50,åŠ›è,2020-07-25 22:19:29.330997
1,https://www.douban.com/people/185532795/,è±†å‹185532795,2020-07-26,allstar20,è¾ƒå·®,2020-07-25 22:19:29.330997
2,https://www.douban.com/people/214999035/,å±äºæˆ‘ä»¬çš„å¹¸ç¦(æ·®å—),2020-07-26,allstar40,æ¨è,2020-07-25 22:19:29.330997
3,https://www.douban.com/people/baiyujingchao/,å¤§å®‡å­(åŒ—äº¬),2020-07-26,allstar30,è¿˜è¡Œ,2020-07-25 22:19:29.330997
4,https://www.douban.com/people/205017772/,Diamonds Sheep,2020-07-26tags: å®¶åº­ å¥³æ€§ äº²æƒ… ç¤¾ä¼š 2020,allstar50,åŠ›è,2020-07-25 22:19:29.330997
5,https://www.douban.com/people/apple475/,æƒ³åƒäº‘åé¢(å¹¿å·),2020-07-26,allstar40,æ¨è,2020-07-25 22:19:29.330997
6,https://www.douban.com/people/214582354/,æ¸…è·,2020-07-26,allstar20,è¾ƒå·®,2020-07-25 22:19:29.330997
7,https://www.douban.com/people/174736494/,æ°´ä»™æ¢¦è“,2020-07-26,allstar50,åŠ›è,2020-07-25 22:19:29.330997
8,https://www.douban.com/people/130240845/,æ—æºª,2020-07-26tags: äº²æƒ… å¥³æ€§,allstar30,è¿˜è¡Œ,2020-07-25 22:19:29.330997
9,https://www.douban.com/people/180603524/,å¬è¯´æ˜¯River(ä¸Šæµ·),2020-07-26,allstar30,è¿˜è¡Œ,2020-07-25 22:19:29.330997
10,https://www.douban.com/people/200494647/,æ–¹ç‡•å°(é•¿æ²™),2020-07-26,allstar40,æ¨è,2020-07-25 22:19:29.330997
11,https://www.douban.com/people/213664546/,æ€€åˆƒ,2020-07-26,allstar50,åŠ›è,2020-07-25 22:19:29.330997
12,https://www.douban.com/people/202705261/,ç©†è¨æ˜¯,2020-07-26,allstar40,æ¨è,2020-07-25 22:19:29.330997
13,https://www.douban.com/people/153418297/,ä½›æ‰‹(é•¿æ²™),2020-07-26,allstar50,åŠ›è,2020-07-25 22:19:29.330997
14,https://www.douban.com/people/212988360/,è±†å‹212988360(æ·®å—),2020-07-26,allstar20,è¾ƒå·®,2020-07-25 22:19:29.330997
15,https://www.douban.com/people/130003953/,èˆŸå°ç‹®(å¹¿å·),2020-07-26tags: å¥³æ€§ æ–‡è‰º,allstar40,æ¨è,2020-07-25 22:19:29.330997
16,https://www.douban.com/people/214808491/,ä¸€ç¬‘è€Œè¿‡,2020-07-26,allstar10,å¾ˆå·®,2020-07-25 22:19:29.330997
17,https://www.douban.com/people/128247785/,è¸¢è¸¢(è‹å·),2020-07-26,allstar30,è¿˜è¡Œ,2020-07-25 22:19:29.330997
18,https://www.douban.com/people/212327659/,yy20000585(æˆéƒ½),2020-07-26,allstar10,å¾ˆå·®,2020-07-25 22:19:29.330997
19,https://www.douban.com/people/201656989/,ä½ å¤´å‘ä¹±äº†å–”,2020-07-26,allstar50,åŠ›è,2020-07-25 22:19:29.330997
0,https://www.douban.com/people/Avril_Lavigne/,Lady GaGa(å—äº¬),2020-07-26,allstar20,è¾ƒå·®,2020-07-25 22:21:41.306716
1,https://www.douban.com/people/186654617/,ğŸ,2020-07-26,allstar30,è¿˜è¡Œ,2020-07-25 22:21:41.306716
2,https://www.douban.com/people/48044402/,ä¸å­˜åœ¨(ä¸Šæµ·),2020-07-26,allstar40,æ¨è,2020-07-25 22:21:41.306716
3,https://www.douban.com/people/45924770/,å±å’¤çº¢äºº,2020-07-26,allstar50,åŠ›è,2020-07-25 22:21:41.306716
4,https://www.douban.com/people/188831365/,çº¹èº«å¸ˆ ç™½å”,2020-07-26,allstar40,æ¨è,2020-07-25 22:21:41.306716
5,https://www.douban.com/people/181987189/,Proferryman.(å¤§è¿),2020-07-26tags: å¥³æ€§ å‰§æƒ…,allstar40,æ¨è,2020-07-25 22:21:41.306716
6,https://www.douban.com/people/199036486/,ä½³é›ª_cherie,2020-07-26,allstar40,æ¨è,2020-07-25 22:21:41.306716
7,https://www.douban.com/people/214630777/,ç¼˜èµ·(æˆéƒ½),2020-07-26,allstar20,è¾ƒå·®,2020-07-25 22:21:41.306716
8,https://www.douban.com/people/137071005/,æˆ‘æ˜¯66(åŒ—äº¬),2020-07-26,allstar40,æ¨è,2020-07-25 22:21:41.306716
9,https://www.douban.com/people/120945951/,Ludwig(ReykjavÃ­k),2020-07-26,allstar40,æ¨è,2020-07-25 22:21:41.306716
10,https://www.douban.com/people/169661535/,å°å†›,2020-07-26,allstar50,åŠ›è,2020-07-25 22:21:41.306716
11,https://www.douban.com/people/leighpeng/,LeighPeng(åŒ—äº¬),2020-07-26tags: å¥³æ€§ æ–‡è‰º,allstar30,è¿˜è¡Œ,2020-07-25 22:21:41.306716
12,https://www.douban.com/people/212865161/,è±†å‹212865161,2020-07-26,allstar10,å¾ˆå·®,2020-07-25 22:21:41.306716
13,https://www.douban.com/people/212398760/,è±†å‹212398760,2020-07-26tags: æ–‡è‰º,allstar30,è¿˜è¡Œ,2020-07-25 22:21:41.306716
14,https://www.douban.com/people/215166358/,æ°´ä¸­è´µæ—æ¾›æ¾›å­(Paris),2020-07-26,allstar50,åŠ›è,2020-07-25 22:21:41.306716
15,https://www.douban.com/people/149818594/,è’å”çš„ç¾Š(çŸ³å®¶åº„),2020-07-26,allstar40,æ¨è,2020-07-25 22:21:41.306716
16,https://www.douban.com/people/212654579/,è±†å‹212654579,2020-07-26,allstar10,å¾ˆå·®,2020-07-25 22:21:41.306716
17,https://www.douban.com/people/212224231/,å¼€å¿ƒè¿½å‰§,2020-07-26,allstar10,å¾ˆå·®,2020-07-25 22:21:41.306716
18,https://www.douban.com/people/212718394/,å‘¢å–ƒçš„ç«èŠ±(è¥¿å®‰),2020-07-26,allstar10,å¾ˆå·®,2020-07-25 22:21:41.306716
19,https://www.douban.com/people/214851667/,è±†å‹214851667,2020-07-26,allstar30,è¿˜è¡Œ,2020-07-25 22:21:41.306716
0,https://www.douban.com/people/215765575/,.,2020-07-26,allstar50,åŠ›è,2020-07-25 22:23:57.533574
1,https://www.douban.com/people/212697770/,è±†å‹212697770,2020-07-26,allstar10,å¾ˆå·®,2020-07-25 22:23:57.533574
2,https://www.douban.com/people/203708665/,æ¡ƒå¤­å¤­,2020-07-26,allstar30,è¿˜è¡Œ,2020-07-25 22:23:57.533574
3,https://www.douban.com/people/189249980/,ğŸ,2020-07-26,allstar40,æ¨è,2020-07-25 22:23:57.533574
4,https://www.douban.com/people/217204320/,æˆ‘ä¹Ÿä¸æ•´,2020-07-26tags: 2020,allstar50,åŠ›è,2020-07-25 22:23:57.533574
5,https://www.douban.com/people/214508992/,è±†å‹214508992,2020-07-26tags: å‰§æƒ…,allstar50,åŠ›è,2020-07-25 22:23:57.533574
6,https://www.douban.com/people/141150356/,æˆ‘è‚šå­ä¸å¤ªé¥¿(æ— é”¡),2020-07-26,allstar50,åŠ›è,2020-07-25 22:23:57.533574
7,https://www.douban.com/people/180481772/,æ©™æ±ä¿®è¡Œä¸­,2020-07-26,allstar40,æ¨è,2020-07-25 22:23:57.533574
8,https://www.douban.com/people/203064078/,æœæœ(åŒ—äº¬),2020-07-26,allstar10,å¾ˆå·®,2020-07-25 22:23:57.533574
9,https://www.douban.com/people/174008227/,äº”åƒ,2020-07-26,allstar30,è¿˜è¡Œ,2020-07-25 22:23:57.533574
10,https://www.douban.com/people/164449187/,å‰§æœ¬ç ”ç©¶æ‰€,2020-07-26,allstar40,æ¨è,2020-07-25 22:23:57.533574
11,https://www.douban.com/people/40838480/,LADY CAT(ä¸Šæµ·),2020-07-26,allstar40,æ¨è,2020-07-25 22:23:57.533574
12,https://www.douban.com/people/46617708/,æ—æ™“æ²¸(æ­¦æ±‰),2020-07-26,allstar50,åŠ›è,2020-07-25 22:23:57.533574
13,https://www.douban.com/people/202480716/,chipmunk(åŒ—äº¬),2020-07-26tags: å¥³æ€§ äº²æƒ…,allstar50,åŠ›è,2020-07-25 22:23:57.533574
14,https://www.douban.com/people/76892947/,EW(ä¸Šæµ·),2020-07-26,allstar50,åŠ›è,2020-07-25 22:23:57.533574
15,https://www.douban.com/people/208789921/,è±†å‹208789921(å¹¿å·),2020-07-26,allstar10,å¾ˆå·®,2020-07-25 22:23:57.533574
16,https://www.douban.com/people/121569446/,ohaiyi(æ­å·),2020-07-26tags: ç”µå½±,allstar30,è¿˜è¡Œ,2020-07-25 22:23:57.533574
17,https://www.douban.com/people/186018461/,lyuæ›¦æ™¨,2020-07-26,allstar50,åŠ›è,2020-07-25 22:23:57.533574
18,https://www.douban.com/people/213152632/,ç•ªèŒ„è˜‘è‡èŠ¥æœ«æ±¤,2020-07-26tags: æ–‡è‰º å‰§æƒ… ç¤¾ä¼š,allstar40,æ¨è,2020-07-25 22:23:57.533574
19,https://www.douban.com/people/213120510/,roken,2020-07-26,allstar50,åŠ›è,2020-07-25 22:23:57.533574
0,https://www.douban.com/people/58020491/,å¤æˆ’é’é¢œ(æ­å·),2020-07-26,allstar40,æ¨è,2020-07-25 22:26:10.990280
1,https://www.douban.com/people/79618017/,Haanit(å¹¿å·),2020-07-26,allstar40,æ¨è,2020-07-25 22:26:10.990280
2,https://www.douban.com/people/148104464/,é›¶å‘µå‘µ(ç»å…´),2020-07-26,allstar40,æ¨è,2020-07-25 22:26:10.990280
3,https://www.douban.com/people/186023448/,å‡½è°·å…³(å¹¿å·),2020-07-26tags: ä¸­å›½å¤§é™† å‰§æƒ…,allstar40,æ¨è,2020-07-25 22:26:10.990280
4,https://www.douban.com/people/197728135/,æç°,2020-07-26,allstar50,åŠ›è,2020-07-25 22:26:10.990280
5,https://www.douban.com/people/163735249/,ç¥¸èµ·è‚–å¢™(ä¸Šæµ·),2020-07-26,allstar50,åŠ›è,2020-07-25 22:26:10.990280
6,https://www.douban.com/people/131540952/,å·²çŒªé”€(åŒ—äº¬),2020-07-26,allstar40,æ¨è,2020-07-25 22:26:10.990280
7,https://www.douban.com/people/normangy/,è§‰è§‰(å¤©æ´¥),2020-07-26,allstar10,å¾ˆå·®,2020-07-25 22:26:10.990280
8,https://www.douban.com/people/213008342/,å°ç‘„,2020-07-26tags: å¤§çˆ›ç‰‡,allstar50,åŠ›è,2020-07-25 22:26:10.990280
9,https://www.douban.com/people/213077836/,ç¥–å®‰æ‰å¥³å°å…”å½,2020-07-26,allstar30,è¿˜è¡Œ,2020-07-25 22:26:10.990280
10,https://www.douban.com/people/181160428/,hsnajxhneinsn,2020-07-26,allstar50,åŠ›è,2020-07-25 22:26:10.990280
11,https://www.douban.com/people/188963790/,æ‰‹æœºç”¨æˆ·2898115,2020-07-26,allstar10,å¾ˆå·®,2020-07-25 22:26:10.990280
12,https://www.douban.com/people/211492471/,ç™½ç‰ä¸é¦™(åŒ—äº¬),2020-07-26,allstar20,è¾ƒå·®,2020-07-25 22:26:10.990280
13,https://www.douban.com/people/213308839/,ğŸ°ğŸ°å°å°(æƒ å·),2020-07-26,allstar30,è¿˜è¡Œ,2020-07-25 22:26:10.990280
14,https://www.douban.com/people/1697901/,èœèŠ±èŠ±,2020-07-26,allstar10,å¾ˆå·®,2020-07-25 22:26:10.990280
15,https://www.douban.com/people/217637603/,çˆ±æˆ‘æ‰€çˆ±éšå¿ƒè€Œ,2020-07-26,allstar50,åŠ›è,2020-07-25 22:26:10.990280
16,https://www.douban.com/people/Jiaruoruo/,è´¾è‹¥ç”·(æ·±åœ³),2020-07-26,allstar30,è¿˜è¡Œ,2020-07-25 22:26:10.990280
17,https://www.douban.com/people/84934691/,è–„è·ç³–(åŒ—äº¬),2020-07-25,allstar30,è¿˜è¡Œ,2020-07-25 22:26:10.990280
18,https://www.douban.com/people/148041224/,çº¢çƒ§xiaoé¸¡è…¿(æ— é”¡),2020-07-25tags: æ–‡è‰º,allstar40,æ¨è,2020-07-25 22:26:10.990280
19,https://www.douban.com/people/64315014/,ä¸€ç›´æ‰é©¬å°¾(æ·±åœ³),2020-07-25,,,2020-07-25 22:26:10.990280
0,https://www.douban.com/people/56000628/,vampirejing(æˆéƒ½),2020-07-25,allstar50,åŠ›è,2020-07-25 22:28:22.274442
1,https://www.douban.com/people/75310868/,Mm(åŒ—äº¬),2020-07-25tags: æ–‡è‰º å¥³æ€§,allstar50,åŠ›è,2020-07-25 22:28:22.274442
2,https://www.douban.com/people/150245788/,è±«æ„«(éƒ‘å·),2020-07-25,allstar50,åŠ›è,2020-07-25 22:28:22.274442
3,https://www.douban.com/people/126847576/,é™¶ç„¶(å¤§è¿),2020-07-25,allstar30,è¿˜è¡Œ,2020-07-25 22:28:22.274442
4,https://www.douban.com/people/190597928/,nikiè±†å‹(æˆéƒ½),2020-07-25,allstar30,è¿˜è¡Œ,2020-07-25 22:28:22.274442
5,https://www.douban.com/people/149639899/,é‡Œé‡Œ(æ˜†æ˜),2020-07-25,allstar10,å¾ˆå·®,2020-07-25 22:28:22.274442
6,https://www.douban.com/people/210362136/,çˆ±ç”Ÿæ´»çˆ±å®¶åº­(æ·±åœ³),2020-07-25tags: å‰§æƒ… å®¶åº­,allstar50,åŠ›è,2020-07-25 22:28:22.274442
7,https://www.douban.com/people/196447701/,under the sunsh,2020-07-25,allstar50,åŠ›è,2020-07-25 22:28:22.274442
8,https://www.douban.com/people/130976277/,æ¨±æ¡ƒJoey(ä¸Šæµ·),2020-07-25,allstar20,è¾ƒå·®,2020-07-25 22:28:22.274442
9,https://www.douban.com/people/50745556/,èµµåºŸåºŸ(åŒ—äº¬),2020-07-25,allstar30,è¿˜è¡Œ,2020-07-25 22:28:22.274442
10,https://www.douban.com/people/214632448/,å‘†å‘†å‘†å‘†å…½(è¥¿å®‰),2020-07-25,allstar50,åŠ›è,2020-07-25 22:28:22.274442
11,https://www.douban.com/people/132272286/,è ¢é±¼(å®æ³¢),2020-07-25,allstar10,å¾ˆå·®,2020-07-25 22:28:22.274442
12,https://www.douban.com/people/over456/,LikaTs(å¹¿å·),2020-07-25,allstar30,è¿˜è¡Œ,2020-07-25 22:28:22.274442
13,https://www.douban.com/people/212497037/,æ·¡æ³Š16890,2020-07-25,allstar30,è¿˜è¡Œ,2020-07-25 22:28:22.274442
14,https://www.douban.com/people/71515552/,é»‘ç™½èƒ¶ç‰‡çœ‹ä¸–ç•Œ(åŒ—äº¬),2020-07-25,allstar20,è¾ƒå·®,2020-07-25 22:28:22.274442
15,https://www.douban.com/people/51391148/,æˆæ˜¥é¦™(ä¸Šæµ·),2020-07-25tags: å®¶åº­ æ–‡è‰º å¥³æ€§,allstar40,æ¨è,2020-07-25 22:28:22.274442
16,https://www.douban.com/people/53865960/,å‡¯è’‚çš„æ¢¦(å·´å½¦æ·–å°”),2020-07-25,allstar40,æ¨è,2020-07-25 22:28:22.274442
17,https://www.douban.com/people/208787646/,ä¸€ä¸ªäººèƒ–å¢©å¢©,2020-07-25,allstar40,æ¨è,2020-07-25 22:28:22.274442
18,https://www.douban.com/people/206781925/,åäºŒ(é•¿æ²™),2020-07-25,,,2020-07-25 22:28:22.274442
19,https://www.douban.com/people/207993537/,æˆ‘æ»´å¦ˆå‘€,2020-07-25,,,2020-07-25 22:28:22.274442
0,https://www.douban.com/people/210367235/,å†°æ¿€å‡Œçš„è¿›åŒ–å²,2020-07-25,allstar50,åŠ›è,2020-07-25 22:30:42.105480
1,https://www.douban.com/people/201283642/,jiater(å‘¼å’Œæµ©ç‰¹),2020-07-25,allstar50,åŠ›è,2020-07-25 22:30:42.105480
2,https://www.douban.com/people/182497672/,å‘¨å¯†,2020-07-25,allstar50,åŠ›è,2020-07-25 22:30:42.105480
3,https://www.douban.com/people/elevenkills/,æœ´ç§€ç(å¹¿å·),2020-07-25,allstar40,æ¨è,2020-07-25 22:30:42.105480
4,https://www.douban.com/people/141417528/,é—»èº(ä¸Šæµ·),2020-07-25,allstar50,åŠ›è,2020-07-25 22:30:42.105480
5,https://www.douban.com/people/178596706/,æ¢¦å®‡,2020-07-25,allstar50,åŠ›è,2020-07-25 22:30:42.105480
6,https://www.douban.com/people/150982488/,é˜¿æ˜Ÿ(å¹¿å·),2020-07-25tags: å‰§æƒ… æ–‡è‰º,allstar40,æ¨è,2020-07-25 22:30:42.105480
7,https://www.douban.com/people/xiaozhouchao/,å°å‘¨æœ(åŒ—äº¬),2020-07-25tags: å‰§æƒ… äº²æƒ… å¥³æ€§,allstar10,å¾ˆå·®,2020-07-25 22:30:42.105480
8,https://www.douban.com/people/213089930/,Karen,2020-07-25,allstar50,åŠ›è,2020-07-25 22:30:42.105480
9,https://www.douban.com/people/195474579/,Victor~,2020-07-25,allstar50,åŠ›è,2020-07-25 22:30:42.105480
10,https://www.douban.com/people/215969946/,å·´æ´›å…‹GothğŸŒˆ(æ­å·),2020-07-25tags: æ–‡è‰º å‰§æƒ… å®¶åº­ å¥³æ€§ äº²æƒ… ç¤¾ä¼š,allstar30,è¿˜è¡Œ,2020-07-25 22:30:42.105480
11,https://www.douban.com/people/52696145/,ç²²ç„¶ç† ç† (æ­å·),2020-07-25,allstar50,åŠ›è,2020-07-25 22:30:42.105480
12,https://www.douban.com/people/74068594/,æ‹¾è’ å‘¨ã€(å®æ³¢),2020-07-25,allstar10,å¾ˆå·®,2020-07-25 22:30:42.105480
13,https://www.douban.com/people/215840130/,è±†å‹215840130,2020-07-25,allstar50,åŠ›è,2020-07-25 22:30:42.105480
14,https://www.douban.com/people/212091710/,joker(æˆéƒ½),2020-07-25,allstar50,åŠ›è,2020-07-25 22:30:42.105480
15,https://www.douban.com/people/215880192/,ä½ æ˜¯æˆ‘å¿ƒå£äººé—´,2020-07-25,allstar40,æ¨è,2020-07-25 22:30:42.105480
16,https://www.douban.com/people/anzyan/,æ±Ÿæ¹–éª—å­,2020-07-25,allstar50,åŠ›è,2020-07-25 22:30:42.105480
17,https://www.douban.com/people/swiftgemini/,çˆµå£«æ—¶ä»£çš„æ•…äº‹(é“¶å·),2020-07-25,allstar10,å¾ˆå·®,2020-07-25 22:30:42.105480
18,https://www.douban.com/people/209837081/,ç«é”…(Harare (Salisbury)),2020-07-25,allstar30,è¿˜è¡Œ,2020-07-25 22:30:42.105480
19,https://www.douban.com/people/172595239/,ç‹å°å–µ,2020-07-25tags: ä¸­å›½å¤§é™† æ–‡è‰º,,,2020-07-25 22:30:42.105480
0,https://www.douban.com/people/174330697/,å¤§é±¼(æ­å·),2020-07-25tags: æ–‡è‰º,allstar30,è¿˜è¡Œ,2020-07-25 22:32:58.909987
1,https://www.douban.com/people/12085535/,ç•™ç¦»,2020-07-25,allstar40,æ¨è,2020-07-25 22:32:58.909987
2,https://www.douban.com/people/157359431/,é¹…åŸå¿é•¿(æˆéƒ½),2020-07-25,allstar50,åŠ›è,2020-07-25 22:32:58.909987
3,https://www.douban.com/people/sieteliu/,ä¸€æ—¶æ˜æœˆ(å—äº¬),2020-07-25,allstar50,åŠ›è,2020-07-25 22:32:58.909987
4,https://www.douban.com/people/214720594/,é˜¿å£¹(å¤©æ´¥),2020-07-25,allstar50,åŠ›è,2020-07-25 22:32:58.909987
5,https://www.douban.com/people/159194166/,æ–‡è‰ºçš„ä¹è®¨è€…(åŒ—äº¬),2020-07-25,allstar20,è¾ƒå·®,2020-07-25 22:32:58.909987
6,https://www.douban.com/people/140520184/,é«˜æ˜Œå«(å®æ³¢),2020-07-25,allstar40,æ¨è,2020-07-25 22:32:58.909987
7,https://www.douban.com/people/anm5/,edityoto(åŒ—äº¬),2020-07-25,allstar30,è¿˜è¡Œ,2020-07-25 22:32:58.909987
8,https://www.douban.com/people/85452459/,é’æœ¨è–«,2020-07-25,allstar40,æ¨è,2020-07-25 22:32:58.909987
9,https://www.douban.com/people/97731011/,DQ(åŒ—äº¬),2020-07-25tags: å¥³æ€§ å®¶åº­,allstar30,è¿˜è¡Œ,2020-07-25 22:32:58.909987
10,https://www.douban.com/people/147453836/,æ–°æ–°(éƒ‘å·),2020-07-25,allstar50,åŠ›è,2020-07-25 22:32:58.909987
11,https://www.douban.com/people/154169719/,å¨œä¹Œè¥¿å¡yaoyao,2020-07-25,allstar40,æ¨è,2020-07-25 22:32:58.909987
12,https://www.douban.com/people/178050726/,æ æ å–”(æˆéƒ½),2020-07-25,allstar30,è¿˜è¡Œ,2020-07-25 22:32:58.909987
13,https://www.douban.com/people/146386426/,å¤®å¤®,2020-07-25,allstar40,æ¨è,2020-07-25 22:32:58.909987
14,https://www.douban.com/people/76539067/,å±±åŸå°ç±³æ¤’,2020-07-25,allstar20,è¾ƒå·®,2020-07-25 22:32:58.909987
15,https://www.douban.com/people/209375826/,ä¸ä¹°ç«æŸ´(ä¿å®š),2020-07-25,allstar50,åŠ›è,2020-07-25 22:32:58.909987
16,https://www.douban.com/people/127774232/,è€å›è±†æµ†æœº(å¤©æ´¥),2020-07-25,allstar50,åŠ›è,2020-07-25 22:32:58.909987
17,https://www.douban.com/people/190738662/,æ›²é¡¹å‘å¤©æ­Œ,2020-07-25tags: æ–‡è‰º 2020 å‰§æƒ… å®¶åº­ ç¤¾ä¼š,allstar40,æ¨è,2020-07-25 22:32:58.909987
18,https://www.douban.com/people/160282578/,LHY_MJ(ç»å…´),2020-07-25,allstar20,è¾ƒå·®,2020-07-25 22:32:58.909987
19,https://www.douban.com/people/66344663/,Arya(ä¸Šæµ·),2020-07-25,allstar40,æ¨è,2020-07-25 22:32:58.909987
0,https://www.douban.com/people/186299100/,äºŒèŠ±å–(æˆéƒ½),2020-07-25,allstar50,åŠ›è,2020-07-25 22:35:21.364135
1,https://www.douban.com/people/62547869/,å¥¶çˆ¸Edison(æ·±åœ³),2020-07-25tags: äº²æƒ… ä¸­å›½å¤§é™† æ–‡è‰º å‰§æƒ…,allstar30,è¿˜è¡Œ,2020-07-25 22:35:21.364135
2,https://www.douban.com/people/160153951/,å››æœˆé›¨,2020-07-25,allstar50,åŠ›è,2020-07-25 22:35:21.364135
3,https://www.douban.com/people/164485507/,æ¸…æ™¨é¸Ÿé¸£(æ­¦æ±‰),2020-07-25,allstar50,åŠ›è,2020-07-25 22:35:21.364135
4,https://www.douban.com/people/80756808/,è¨çªç›,2020-07-25,allstar40,æ¨è,2020-07-25 22:35:21.364135
5,https://www.douban.com/people/199518139/,å å¿ƒ(å¹¿å·),2020-07-25,allstar20,è¾ƒå·®,2020-07-25 22:35:21.364135
6,https://www.douban.com/people/210002730/,greenvege,2020-07-25,allstar40,æ¨è,2020-07-25 22:35:21.364135
7,https://www.douban.com/people/203562343/,å°æ£ åŒå­¦ğŸŒ»,2020-07-25,allstar40,æ¨è,2020-07-25 22:35:21.364135
8,https://www.douban.com/people/woodenbook/,å®è—Elva(åŒ—äº¬),2020-07-25,allstar30,è¿˜è¡Œ,2020-07-25 22:35:21.364135
9,https://www.douban.com/people/190835767/,å¤•é£,2020-07-25,allstar10,å¾ˆå·®,2020-07-25 22:35:21.364135
10,https://www.douban.com/people/204450264/,å¸¦åˆºçš„è’ºè—œ,2020-07-25,allstar50,åŠ›è,2020-07-25 22:35:21.364135
11,https://www.douban.com/people/202726348/,å¤•é¢œæ—¥å¿—(é‡åº†),2020-07-25,allstar30,è¿˜è¡Œ,2020-07-25 22:35:21.364135
12,https://www.douban.com/people/108797286/,OverWater,2020-07-25,allstar40,æ¨è,2020-07-25 22:35:21.364135
13,https://www.douban.com/people/216400721/,SokÃ¤ch,2020-07-25,allstar40,æ¨è,2020-07-25 22:35:21.364135
14,https://www.douban.com/people/212126650/,LIFF(é»„å†ˆ),2020-07-25,allstar20,è¾ƒå·®,2020-07-25 22:35:21.364135
15,https://www.douban.com/people/64831757/,æ˜¯å°è€³æœµå•Š(æ­å·),2020-07-25tags: æ–‡è‰º,allstar40,æ¨è,2020-07-25 22:35:21.364135
16,https://www.douban.com/people/52392117/,771858486(æ·±åœ³),2020-07-25,allstar50,åŠ›è,2020-07-25 22:35:21.364135
17,https://www.douban.com/people/207303073/,å¬è”»(MÃ¼nchen),2020-07-25,allstar40,æ¨è,2020-07-25 22:35:21.364135
18,https://www.douban.com/people/170160886/,mere(æˆéƒ½),2020-07-25,allstar30,è¿˜è¡Œ,2020-07-25 22:35:21.364135
19,https://www.douban.com/people/188398460/,æ—å¤•åœ†(åŒ—äº¬),2020-07-25,,,2020-07-25 22:35:21.364135
0,https://www.douban.com/people/2404081/,è”·è–‡åƒä¸‡(å—äº¬),2020-07-25,allstar40,æ¨è,2020-07-25 22:37:37.733485
1,https://www.douban.com/people/159956014/,ç‡•ç»¥,2020-07-25tags: ä¸­å›½å¤§é™† æ–‡è‰º,allstar50,åŠ›è,2020-07-25 22:37:37.733485
2,https://www.douban.com/people/62106055/,The wind(å—æ˜Œ),2020-07-25,allstar40,æ¨è,2020-07-25 22:37:37.733485
3,https://www.douban.com/people/70201322/,çŒ«çŒ«å’ªé¸­DT(åŒ—äº¬),2020-07-25,allstar30,è¿˜è¡Œ,2020-07-25 22:37:37.733485
4,https://www.douban.com/people/127179257/,Gu(ä¸Šæµ·),2020-07-25,allstar50,åŠ›è,2020-07-25 22:37:37.733485
5,https://www.douban.com/people/159717576/,å¦™å¤šä¹(æ·±åœ³),2020-07-25,allstar40,æ¨è,2020-07-25 22:37:37.733485
6,https://www.douban.com/people/188886967/,ç§‘ç§‘(ç»å…´),2020-07-25,allstar40,æ¨è,2020-07-25 22:37:37.733485
7,https://www.douban.com/people/174302497/,åœæ‡‚èˆ…é—®,2020-07-25tags: å¥³æ€§ æ–‡è‰º ä¸­å›½å¤§é™† ç¤¾ä¼š å®¶åº­ äº²æƒ… å‰§æƒ…,allstar40,æ¨è,2020-07-25 22:37:37.733485
8,https://www.douban.com/people/213939457/,è±†å‹213939457(éå±±),2020-07-25,allstar30,è¿˜è¡Œ,2020-07-25 22:37:37.733485
9,https://www.douban.com/people/16150430/,å“’å“’å“’,2020-07-25,allstar30,è¿˜è¡Œ,2020-07-25 22:37:37.733485
10,https://www.douban.com/people/150218385/,ä¸€æ¯æ— (æ­å·),2020-07-25,allstar40,æ¨è,2020-07-25 22:37:37.733485
11,https://www.douban.com/people/144867479/,å“å‘¦ç‹(åŒ—äº¬),2020-07-25,allstar50,åŠ›è,2020-07-25 22:37:37.733485
12,https://www.douban.com/people/212652979/,æŸšå­,2020-07-25,allstar50,åŠ›è,2020-07-25 22:37:37.733485
13,https://www.douban.com/people/208231470/,åå…«,2020-07-25,allstar30,è¿˜è¡Œ,2020-07-25 22:37:37.733485
14,https://www.douban.com/people/139540662/,é»›è¥¿é¸­,2020-07-25,allstar20,è¾ƒå·®,2020-07-25 22:37:37.733485
15,https://www.douban.com/people/2206901/,Vä»”â˜å´è‡‰æ§(æ³‰å·),2020-07-25,allstar30,è¿˜è¡Œ,2020-07-25 22:37:37.733485
16,https://www.douban.com/people/53441867/,åˆ«äº†ç†æƒ³å›½(Los Angeles),2020-07-25,allstar40,æ¨è,2020-07-25 22:37:37.733485
17,https://www.douban.com/people/MUwnb/,å½’å°˜,2020-07-25,allstar30,è¿˜è¡Œ,2020-07-25 22:37:37.733485
18,https://www.douban.com/people/155082565/,é™¶ç„¶é—®èŒ¶(æ˜†æ˜),2020-07-25tags: 2019 ä¸­å›½å¤§é™†,allstar30,è¿˜è¡Œ,2020-07-25 22:37:37.733485
19,https://www.douban.com/people/185583175/,å†è§å››å­£(åŒ—äº¬),2020-07-25tags: å®¶åº­,,,2020-07-25 22:37:37.733485
0,https://www.douban.com/people/172613591/,å“1314(æŸ³å·),2020-07-25,allstar40,æ¨è,2020-07-25 22:41:48.208861
1,https://www.douban.com/people/64251371/,é‘«åé¦Šåº—(Sydney),2020-07-25tags: ä¸­å›½ ä¸­å›½ç”µå½± ç”µå½± 2020 äººç”Ÿ äººæ€§ äº²æƒ… å¥³æ€§,allstar40,æ¨è,2020-07-25 22:41:48.208861
2,https://www.douban.com/people/182834476/,æ—¶é—´çš„æ¨¡æ ·(å¹¿å·),2020-07-25tags: æ–‡è‰º å¥³æ€§ äº²æƒ… å®¶åº­,allstar30,è¿˜è¡Œ,2020-07-25 22:41:48.208861
3,https://www.douban.com/people/SoDoMi/,Sx//o-rb.0(TÅkyÅ),2020-07-25,allstar40,æ¨è,2020-07-25 22:41:48.208861
4,https://www.douban.com/people/162900629/,éŸ©ä½³æ¤°,2020-07-25,allstar30,è¿˜è¡Œ,2020-07-25 22:41:48.208861
5,https://www.douban.com/people/czlzy1993/,å¹³è¡Œå®‡å®™(æ²§å·),2020-07-25,allstar40,æ¨è,2020-07-25 22:41:48.208861
6,https://www.douban.com/people/213419895/,èŠ±è¾¹å¯»é¦™å¾„(æˆéƒ½),2020-07-24tags: ç¤¾ä¼š æ–‡è‰º äº²æƒ… 2019 å®¶åº­ å¥³æ€§ ä¸­å›½å¤§é™†,allstar40,æ¨è,2020-07-25 22:41:48.208861
7,https://www.douban.com/people/200909294/,æ €ğŸƒ,2020-07-24,allstar30,è¿˜è¡Œ,2020-07-25 22:41:48.208861
8,https://www.douban.com/people/151542973/,æ‰€å¹¸(è¥¿å®‰),2020-07-24,allstar40,æ¨è,2020-07-25 22:41:48.208861
9,https://www.douban.com/people/126418411/,æ²›å®‰,2020-07-24,allstar40,æ¨è,2020-07-25 22:41:48.208861
10,https://www.douban.com/people/199271176/,æ¡”æ¡”å½å½,2020-07-24,allstar30,è¿˜è¡Œ,2020-07-25 22:41:48.208861
11,https://www.douban.com/people/152629182/,æ–­ç‰‡ç´¢(æ­å·),2020-07-24,allstar30,è¿˜è¡Œ,2020-07-25 22:41:48.208861
12,https://www.douban.com/people/190632974/,è–è’²,2020-07-24,allstar40,æ¨è,2020-07-25 22:41:48.208861
13,https://www.douban.com/people/153599802/,æ­£è¶£å¤šä¸Šå¤š,2020-07-24,allstar40,æ¨è,2020-07-25 22:41:48.208861
14,https://www.douban.com/people/131109957/,é™ˆåæ¶›(æ·±åœ³),2020-07-24,allstar50,åŠ›è,2020-07-25 22:41:48.208861
15,https://www.douban.com/people/chloexile/,æ°´,2020-07-24,allstar40,æ¨è,2020-07-25 22:41:48.208861
16,https://www.douban.com/people/137595080/,âœ˜âœ˜âœ˜(æˆéƒ½),2020-07-24,allstar40,æ¨è,2020-07-25 22:41:48.208861
17,https://www.douban.com/people/164262536/,æµæ°´è¿¢è¿¢,2020-07-24,allstar30,è¿˜è¡Œ,2020-07-25 22:41:48.208861
18,https://www.douban.com/people/210306169/,å±±æµ·çš†å¯å¹³(å®æ³¢),2020-07-24,,,2020-07-25 22:41:48.208861
19,https://www.douban.com/people/62376867/,ivy(ä¸Šæµ·),2020-07-25tags: äº²æƒ… å¥³æ€§ æ–‡è‰º ç¤¾ä¼š å®¶åº­,,,2020-07-25 22:41:48.208861
